finance_person_id,deposit_amount,expected_deposit_amount,time_to_deposit,historical_discrepancies
41794,28799521.77,28646465.759999998,14.32,0
51270,13445341.36,12965841.59,14.19,1
31619,8457164.88,8547218.21,18.93,1
51232,740431.0,784292.93,20.71,2
51509,46193484.99,46106964.77,34.86,2
21012,5831815.64,5673586.02,27.49,1
30711,45791904.61954974,55040882.43,27.94,0
32046,47169504.68,46967220.27,20.81,0
30516,740431.0,524538.58,24.31,2
50101,740431.0,499947.76,35.53,1
41763,740431.0,699662.81,17.93,1
30321,4578579.65,4462118.140000001,26.28,0
51330,9652349.69,9575502.09,32.06,0
21413,10574161.01,10678522.76,28.83,0
41834,28341126.46,28533785.78,33.01,2
20404,37814245.57,38104341.73,25.06,1
41828,26473446.01,26485473.41,27.02,2
50595,740431.0,809948.8200000001,24.55,1
11659,740431.0,778200.27,26.67,2
40127,5677272.68,5342435.54,19.42,1
21469,14803408.71,14729469.3,27.96,0
51525,1752164.5292859967,1595741.8800000001,25.47,0
40903,387327.35536427586,638268.4299999999,24.31,0
11597,28165847.212544125,20312406.759999998,32.73,2
11768,740431.0,696534.89,22.67,0
30425,740431.0,543165.65,30.04,1
31220,4440475.54,4410270.35,30.54,2
20534,899998.2894860769,612620.92,28.28,1
40526,740431.0,216582.45,19.17,2
41105,740431.0,461017.22,25.8,1
30699,3198067.59,3215850.46,33.79,1
40761,20771003.53,20989381.790000003,14.91,2
41492,6701256.0596955735,10837111.08,23.06,2
11193,26055974.95,25881896.62,29.81,0
31309,740431.0,826721.77,23.42,0
50250,740431.0,916070.09,28.05,1
30706,974274.5485455103,656408.29,31.05,1
52083,740431.0,603874.53,25.16,1
10460,740431.0,984373.15,26.54,2
20844,10182332.79,10341551.329999998,24.46,2
42011,740431.0,912154.6799999999,25.49,0
11966,740431.0,646818.2,34.51,1
41347,740431.0,963169.85,23.68,0
21473,12948247.6,12559233.85,22.23,2
21085,20092549.76,20318795.78,29.21,2
11188,19875737.81,19862431.38,19.79,2
20298,14767917.29,14793704.129999999,20.93,0
50986,1994219.89,1805169.3599999999,20.96,2
21703,14346292.61,13983487.34,22.72,1
40376,4705125.79,4726666.62,22.94,0
40692,8055700.83,8165979.74,27.5,2
40530,740431.0,880969.48,22.29,0
40590,6563530.35,6682486.069999999,27.7,0
51521,16221380.518902646,13854111.24,28.32,2
31728,12971268.85,12786511.56,20.73,2
10990,925261.6452894538,893926.21,28.21,0
40362,7692788.33,7485663.86,28.67,0
22033,740431.0,961843.85,15.2,2
41785,9361608.27,9344811.9,25.47,1
21035,740431.0,730289.16,21.47,0
20352,42385533.7,42558719.02,30.52,0
41834,8188213.14,8388506.87,21.42,1
51841,22888078.33,23042206.069999997,17.3,2
21751,51120892.47,50956800.9,23.85,2
20347,740431.0,892964.91,19.52,1
40382,15009389.94,14846432.02,28.25,2
20658,740431.0,898011.28,19.96,2
21375,13052530.51,12767497.87,23.91,0
41557,43680357.1,43661621.09,31.73,0
40923,740431.0,576252.77,29.49,0
10448,740431.0,914418.13,26.39,1
51422,3652334.04,3875367.39,23.36,2
50517,49718522.85,49758322.15,25.91,2
20269,22238684.77,22271906.599999998,27.44,0
51111,740431.0,881266.42,19.07,0
20994,36983839.69,37208062.669999994,28.26,1
10315,740431.0,747893.23,18.49,2
40991,51674604.9,51574669.839999996,26.86,1
40335,24079868.61,24209322.11,18.47,2
40233,43633971.12,43262225.65,33.81,1
51284,740431.0,922361.31,27.82,0
11016,9270320.22,9128282.83,16.22,1
50934,2731552.14,2683506.5700000003,24.0,1
51566,740431.0,923641.26,21.39,0
10899,740431.0,657329.1,20.8,2
10540,16548665.26,16678147.04,24.74,2
11128,18502777.23,18730558.98,19.36,0
10247,33640707.27,33662713.89,27.81,1
41539,740431.0,802720.63,27.52,1
30670,2565116.44,2541229.27,25.76,1
30873,740431.0,763550.6,23.9,2
10520,38831780.86,38608499.9,27.3,1
31601,7116954.62,7058207.0,27.96,2
31872,21194260.35,20936619.23,26.27,1
10687,21955571.16,21775817.72,17.44,0
30563,37071069.93,36670480.13,20.06,0
51667,740431.0,793216.63,22.66,2
21304,27490610.431798667,20993625.77,16.62,2
20558,5078635.29,4987414.14,25.12,0
11325,51008893.83,51201920.55,31.06,0
41747,740431.0,965569.56,30.26,1
11838,30869660.91,30629833.46,27.7,0
40815,13169901.05,12973142.270000001,27.64,2
21363,12038490.16,12236649.78,35.08,0
11921,6782238.09,6763769.82,28.22,2
50399,34647221.41,34389063.63999999,28.63,2
30857,11305472.38,11178100.46,16.81,1
40253,740431.0,824363.05,30.66,1
30846,31906040.48,31747253.150000002,25.99,1
31314,27954685.35,27399777.98,23.6,1
11376,18274406.5,18210003.86,22.36,0
30117,740431.0,692232.36,21.26,1
50639,740431.0,742276.29,30.28,0
31909,740431.0,992207.67,23.86,1
11699,15540866.14,15551570.700000001,21.44,1
50877,740431.0,789018.47,20.14,2
20179,740431.0,951538.39,24.85,0
31682,33102118.15,33104186.95,22.2,2
10997,22177046.9,22604351.049999997,21.06,1
21306,740431.0,487689.33999999997,17.09,0
21191,2728153.61,2541324.07,28.8,1
41323,740431.0,863222.6799999999,23.31,2
51059,25379605.07,25630467.78,18.57,0
30491,740431.0,700272.0,22.64,2
10698,12737672.25,12535548.02,26.75,1
40746,740431.0,1092628.92,24.14,1
50538,26690742.24,26532268.459999997,24.95,1
41114,740431.0,808241.89,24.21,0
51372,740431.0,1003261.36,17.62,2
51962,740431.0,652109.96,28.74,2
31035,740431.0,616005.4299999999,15.46,1
51019,28775252.69,28664515.14,26.31,2
41130,740431.0,920741.25,27.08,0
50778,34991074.51,35203104.05,22.9,1
31884,7053604.790104794,12741221.63,25.77,1
30425,24897233.22,25273849.669999998,22.61,1
40240,5571035.72,5577429.029999999,25.83,0
21488,33038954.47,33297421.11,28.96,1
21314,740431.0,654030.6799999999,20.04,1
51226,8067089.59,8533840.9,27.37,1
10787,740431.0,1054457.28,32.46,1
50222,35724244.48,35698649.55,25.32,2
41348,37931764.08,38218672.12,21.48,1
41483,5626817.9,5903614.0,35.32,0
41751,703693.1928136857,1051039.22,24.44,1
40903,14824486.5,14328089.23,25.16,1
41742,740431.0,884301.29,25.26,2
30819,40671783.98,40780243.73,26.24,1
20273,740431.0,834645.66,22.31,2
41328,4958749.4,5002418.69,24.95,0
10384,740431.0,789993.26,28.76,2
11645,740431.0,997059.06,22.13,1
10671,12055664.001012458,21619097.16,21.9,0
11978,2198506.87,2241888.16,22.54,1
30763,6533514.46,6761390.66,18.51,2
11073,740431.0,824036.24,20.59,0
40919,21014529.433910917,24174143.85,20.38,0
50247,25549823.975780316,26637797.590000004,24.0,2
11514,1113957.26,1027061.12,28.18,2
30538,32949778.23,32646636.16,31.27,0
30453,3373178.28,3387650.98,24.29,0
12061,22426584.18,22469492.85,26.28,2
50436,740431.0,884736.81,25.22,1
11840,13236491.15,13257954.33,13.53,0
30481,740431.0,891454.85,18.26,2
21730,12536025.582994513,9471189.05,27.81,1
41209,8003669.07,8163971.930000001,28.29,0
31764,8327392.93,8522855.99,28.18,0
11033,9675142.414434677,18864221.259999998,23.11,2
40152,719040.2112613419,463379.58,14.03,1
11889,17885128.96,17425506.64,18.86,0
11814,32186735.24,32082999.119999997,19.62,1
21475,740431.0,224356.66999999998,27.14,1
41553,740431.0,843140.81,22.21,0
41299,740431.0,663867.6,32.45,1
20459,740431.0,477756.03,31.34,0
30378,1065173.3712678745,766605.82,32.37,1
12094,27888219.64,27740493.2,19.42,0
51241,36822733.32,36912888.57,26.45,2
10768,7906504.25,8048029.52,21.61,0
11168,740431.0,600064.17,25.64,0
30192,22926016.79,22878560.55,19.97,0
10608,740431.0,783410.15,30.13,1
21502,740431.0,459022.56,20.07,2
21586,740431.0,783392.5,14.26,1
41941,740431.0,454227.27,34.17,1
51155,740431.0,853574.4,26.21,0
10216,37471477.03,37384444.300000004,18.65,1
11493,740431.0,453122.45,23.19,0
30262,740431.0,624436.28,21.12,2
20448,18973459.66,18865924.74,24.03,1
51730,14471677.73,14685381.91,28.01,1
40312,37127784.73,37162445.669999994,27.23,1
21335,9089453.08,8898197.59,25.27,0
40911,13685887.55,14015700.81,24.03,0
30764,740431.0,865729.08,29.39,1
31550,740431.0,673166.53,14.37,1
11185,610706.6857139957,429664.16,20.26,2
52021,17961198.8,17876280.080000002,19.11,2
40269,13134304.11,13090201.49,29.03,2
21548,12376537.42,12450343.89,20.3,2
31420,740431.0,861882.3,17.57,2
12067,740431.0,901747.42,26.75,0
11144,10132692.64,9810399.15,19.46,2
40333,740431.0,782131.96,22.25,2
31773,740431.0,708507.83,35.91,1
51261,740431.0,1276026.46,27.94,0
31509,1049449.0644915435,753369.89,22.94,2
41668,740431.0,615900.36,23.39,2
40535,740431.0,762504.77,28.54,2
32081,7692702.634140721,15288231.85,27.31,1
40698,39160812.18,38763004.32,24.38,1
31988,4776940.56,4858601.449999999,24.52,1
20596,10412652.12,10350540.5,16.6,2
30365,17180199.08,17174860.84,15.55,1
30108,13519634.23,13344920.52,23.12,2
40645,740431.0,521648.15,20.83,0
41587,42691707.33,42867483.8,26.93,2
10247,740431.0,962122.33,24.99,1
10340,19588293.58,19671913.299999997,20.14,0
21776,17046838.44,16684678.920000002,24.82,2
11254,740431.0,837043.67,21.91,0
31876,783660.6771117969,381243.69,34.33,0
41546,6838451.69,6706216.5600000005,25.93,0
11247,10336374.958468262,8661130.95,16.2,2
11615,12115326.83,12246846.53,33.1,1
20819,21950343.19,22041736.66,20.83,2
21426,5455731.59,5718312.12,19.13,1
31752,13262072.35,13374075.379999999,34.72,2
40893,4648670.69,4244866.840000001,25.73,2
21522,988645.1590504056,666524.83,27.5,2
11421,6316200.66,6307878.97,27.67,1
41851,21765538.17,21733789.82,22.97,2
42038,29519401.77,29395974.73,21.14,0
10720,17200414.93,16994383.7,21.95,2
20329,34381741.64,34861890.63,32.04,0
11251,14647020.62,14569271.649999999,25.02,1
40304,24240015.36,24710335.77,30.56,1
52055,25824666.8,25596408.720000003,23.62,2
51471,803067.37,934479.38,20.22,2
31592,21267874.52,21313802.8,16.79,2
11428,740431.0,556041.09,27.24,0
10704,14569955.434929056,13064976.8,32.47,1
31722,17791810.78653376,18053403.61,19.57,0
31276,28275733.44,28106910.12,26.57,0
32045,23310485.28,23259257.16,17.12,2
40467,28556379.66,28083399.17,21.22,2
10986,3475438.82,3617742.02,25.34,0
40666,740431.0,985861.33,15.36,0
31688,740431.0,831303.74,23.91,2
10234,11357898.57,11810750.200000001,19.82,2
40891,740431.0,876850.25,27.02,0
41155,34325837.81,34554399.74,23.17,2
31301,6563495.77,6811168.34,28.7,2
11772,740431.0,190228.32999999996,22.6,0
30887,740431.0,825165.64,17.19,0
11838,4824164.4,4547577.41,16.57,1
51806,1339265.83,1103085.1400000001,14.45,0
21486,740431.0,539036.35,27.16,2
21525,500645.31758840516,677887.84,36.79,0
20682,5043542.54,5173634.53,26.18,0
31117,740431.0,827228.97,32.36,0
51361,17945461.61,17942945.33,29.67,1
10112,740431.0,884967.69,21.41,1
40606,8950563.09,9107260.35,30.33,2
10990,31055457.37,31143982.21,21.61,1
40827,2898479.166274535,4483955.08,21.71,0
11108,13291379.71,13143513.15,22.96,1
51983,11926294.58,11931560.15,23.19,0
40965,5790122.66,5936813.24,27.31,1
31757,4173293.43,3907577.5,20.65,1
11293,740431.0,738161.96,28.45,1
11499,8873042.7,8559917.809999999,28.37,0
41540,740431.0,945614.6,25.71,1
31614,38946124.54,38994594.0,33.7,0
32035,23103196.42,22833969.21,30.44,0
50148,740431.0,469885.29,29.35,2
31084,740431.0,817917.37,24.33,1
30856,2805470.83,3080430.6100000003,25.76,2
31849,740431.0,521073.82999999996,26.62,2
20113,1655007.048828255,1826026.8900000001,24.07,0
50261,19654538.96,19546091.42,22.12,1
10149,12423917.27,12588556.09,11.97,0
40146,12206052.25,12342690.43,27.59,0
10962,36792721.01,36823780.98,29.21,1
51308,740431.0,373552.74,18.19,0
40143,5816137.650601806,7994537.9799999995,27.03,1
51320,740431.0,840834.85,21.04,1
32097,36560796.56,36642882.510000005,22.17,0
40790,740431.0,779565.81,30.55,0
30239,740431.0,564673.62,19.05,2
10685,12184648.01,12401240.56,19.04,0
10749,29896817.86,30076445.8,33.02,1
41464,22286441.2,22071356.64,23.27,2
41862,740431.0,1003290.0,30.23,1
51554,38091009.24,38117343.13,16.01,2
50209,740431.0,766258.39,16.41,0
31088,33802600.12,33767329.05,19.44,0
41237,740431.0,724832.32,21.59,0
11749,740431.0,1014610.8400000001,16.98,1
50841,19398190.0,19604805.0,25.85,2
51117,740431.0,942800.42,26.17,1
10388,37284829.97,37321742.839999996,19.51,2
50621,740431.0,918265.34,19.91,0
30951,8576938.44,8410075.83,20.57,1
40659,30670789.59,30787478.19,18.18,0
10939,740431.0,709733.39,9.52,1
40755,28485232.29,28073271.29,23.57,0
50941,40981999.54,40664779.21,21.85,1
51839,740431.0,607835.24,22.36,1
11213,35137026.35,35220057.15,18.94,2
30864,740431.0,608015.04,28.05,0
20811,14016181.81,13897958.46,36.13,2
11819,740431.0,893083.1799999999,19.83,2
22011,13333310.865931284,25825271.31,31.0,0
21577,24166210.58,24432372.029999997,25.83,1
30746,50398906.29,50631931.04,24.18,2
21145,36255710.79,36260087.05,22.28,0
22001,2044280.01,2194972.3,23.58,1
31640,740431.0,863879.09,29.75,2
20419,17812005.23,17762872.17,18.31,2
20676,4308576.63,4480903.56,22.62,2
20372,39055305.86,39257086.269999996,30.25,1
10972,740431.0,549943.95,28.92,2
11061,52784716.73,52815426.45999999,18.39,1
11412,17085625.16,17114125.92,23.09,2
31161,704517.0896981491,910354.89,27.64,0
51833,21440020.8,21351249.13,27.32,2
21245,33585681.44,33466129.369999997,28.88,0
21290,7548683.681125513,8116462.71,25.92,0
31392,740431.0,976702.84,26.76,0
21369,740431.0,500555.57999999996,25.71,1
11908,28023520.21,27818558.98,31.9,0
51925,13592386.928720057,16220019.83,21.89,2
41491,2243983.59,2175468.1799999997,24.24,1
20446,33820527.45,33467410.890000004,18.93,0
11387,21554628.7,21854267.759999998,17.94,1
40830,23215202.08,23189140.759999998,25.62,1
51947,392742.03188961424,684410.1,20.38,1
41287,873573.9142747476,1064958.51,23.71,2
11849,740431.0,883989.7,32.09,0
40647,740431.0,633346.62,31.8,1
31884,25781573.18,25814494.75,35.12,1
41982,1218187.33,1209839.9000000001,32.19,1
20518,15222022.47,15511692.64,36.02,0
20966,18408746.442150433,29537889.25,26.18,1
30368,13654734.25,13366322.34,19.48,1
11094,15760417.32,15384972.5,19.0,2
21933,740431.0,1035463.27,30.98,0
50336,740431.0,582708.06,24.26,2
21582,42837867.19,42971909.519999996,24.63,0
20119,7855247.3,7869599.99,21.25,0
10728,46504889.95,46421558.99,21.85,0
41240,740431.0,688461.52,25.92,2
21784,10660839.6,10977515.18,18.72,2
32097,740431.0,450818.31,25.29,2
40576,18378891.17,18301600.12,31.56,2
50415,24911046.25,25092359.4,13.33,1
11241,18604834.34,18348205.34,16.29,1
52039,28076486.64,28339943.2,27.38,1
41802,5333772.66,5512222.600000001,30.82,0
41763,1510600.56,1564959.7,21.55,1
41929,740431.0,639799.62,14.01,0
50974,19380543.74,19098230.509999998,31.16,2
40466,9329433.94,9470843.12,19.94,0
50251,4153728.79,4703457.78,22.19,0
40475,1504369.9,1533548.41,25.6,1
30277,4822740.47,4457531.39,20.67,2
41510,740431.0,831934.3,19.62,2
50214,740431.0,912483.59,19.71,1
20482,10782449.4,10598878.91,33.29,2
40651,16054542.74,15925440.35,29.8,2
20773,444856.27378489,590955.35,26.87,2
31039,740431.0,634158.23,13.07,1
11928,1206795.67,1172363.0499999998,26.89,2
31903,5721495.36,5549315.140000001,26.62,0
41284,2854499.06,2607331.5100000002,17.61,0
20370,19839057.5,19873932.58,25.29,2
21327,740431.0,703898.59,29.26,1
51802,740431.0,653182.65,26.85,1
20893,9790427.63,9807065.57,20.6,1
51538,740431.0,436395.86,24.07,2
10103,24678960.5,24731601.08,27.65,2
40316,30834622.98,30751485.34,24.3,0
50894,10656522.35,10704420.24,30.27,1
10440,740431.0,820360.8200000001,25.98,0
21602,16924277.294696167,28577377.07,27.76,0
21081,9905394.44,9925985.32,28.11,1
11241,740431.0,953774.77,18.67,2
21412,740431.0,676048.37,24.25,2
11435,38317893.51,38263058.01,22.34,0
50265,34743581.18,34725395.55,29.22,0
50555,740431.0,895255.98,26.32,0
10545,740431.0,866622.8200000001,23.06,0
50679,30210658.46,30237672.84,17.59,1
51390,5219100.38,4973553.31,16.02,0
50985,20747194.17,20869806.01,25.55,0
31562,4282248.83,4109967.9,20.41,2
41449,19726344.5,19543165.02,27.33,2
20795,5743488.21,5515791.19,15.78,2
32025,740431.0,723797.26,31.96,1
50223,28440613.31,28682958.169999998,27.32,1
10724,9973339.72,9780267.610000001,24.5,2
50638,19680994.37,20016709.560000002,32.42,2
41728,9011772.85,9193734.889999999,28.74,0
50221,740431.0,447510.59,21.62,0
10354,40289079.84,40212524.800000004,24.39,1
40518,13269631.96,13061581.91,14.18,1
50536,740431.0,873422.09,29.32,0
40199,33174124.63,32976491.959999997,22.52,2
20845,740431.0,416207.1,14.11,0
21273,53824322.68,53759177.52,18.09,1
50453,1755884.26,1989763.07,28.35,1
41330,740431.0,701927.76,32.07,0
11560,46703278.58,46782967.35,24.1,0
51198,562884.063372038,827877.22,19.09,0
21032,10861253.49,10558798.370000001,16.9,1
20367,21088681.49,20908806.66,31.07,2
51467,31144424.72,31145717.56,26.25,0
41628,12079845.77,11968374.77,22.35,1
21044,740431.0,1081321.91,21.16,1
41079,10338462.76,10092798.28,27.36,1
21241,740431.0,558578.98,27.22,0
20963,10985572.47,11043681.32,19.52,0
30123,45360251.790100686,40589463.87,18.29,2
20575,21912884.76,21334518.240000002,18.54,1
12048,10072323.62,10459259.87,21.66,0
50832,21537059.93,21322198.85,20.55,1
51157,23080290.26,23192468.8,32.09,1
41233,740431.0,489752.77,21.48,2
20124,6517135.18,6344528.199999999,17.75,0
12039,60857021.66,60532435.059999995,18.03,0
41134,31761986.95,31613748.27,23.08,1
30556,740431.0,611574.64,14.89,1
41528,740431.0,713917.86,23.7,2
40537,740431.0,665917.23,17.32,2
21207,22956976.12886812,24004312.17,29.79,2
30568,40272947.12,40168167.15,24.58,2
41737,18167256.6,18456658.73,34.61,2
11756,9005616.83,9271294.94,22.86,2
11265,740431.0,831568.41,8.34,1
51565,12717889.41,12850509.26,31.29,2
31547,740431.0,1152595.56,26.51,1
30620,740431.0,854680.53,27.28,1
51219,40902070.38,41030908.35,18.99,0
42029,740431.0,427514.39,23.79,1
31874,740431.0,517904.89,24.93,1
11460,19766546.64,19760008.580000002,22.81,2
10218,36539910.05,36378421.599999994,15.33,1
20992,11160589.68,10960998.62,37.84,2
30535,740431.0,563939.19,28.18,2
42043,740431.0,455716.87,26.1,2
50195,740431.0,582154.1,30.57,0
50391,4794038.64,4861925.75,27.22,2
40611,32175085.82,32534350.61,20.61,1
20549,935126.5010651937,899827.44,30.25,2
50538,740431.0,867662.1,28.26,2
30164,740431.0,415724.32,20.8,2
21769,740431.0,764290.34,27.95,0
31908,18238904.13,18225512.15,22.8,1
11434,740431.0,798579.22,25.04,0
21248,740431.0,668293.51,27.0,1
51056,23963862.71,24296278.060000002,30.84,0
22076,37964895.75,37975450.85,20.77,1
21865,3977352.34,4007397.01,25.82,0
21131,740431.0,347942.96,34.08,2
20204,740431.0,719095.86,23.12,0
31850,27346792.8,27576644.67,24.98,0
10769,8127745.08,8238860.2,34.07,2
41530,3439688.41,3008570.22,27.19,2
21188,12366012.27,12276077.26,16.63,1
51859,4805918.12,5152298.01,20.02,1
21267,38937978.95,38907850.81,27.45,1
50675,740431.0,804914.2,26.12,0
32045,740431.0,1064232.8599999999,24.81,1
51304,740431.0,709508.17,34.81,0
42026,740431.0,898636.97,20.91,0
11627,740431.0,822710.1799999999,23.63,1
51846,10318695.08,10443724.85,14.18,1
51064,6069290.17,6145133.3,29.8,0
10891,740431.0,630905.02,20.01,2
41851,18317555.73,18227996.22,29.29,2
20150,38315006.6,38144091.36,28.76,0
50806,13331501.31,13003559.49,35.75,1
10659,740431.0,989336.98,27.25,0
30515,48453447.65,48455464.24,22.22,0
11530,21718838.57,21957670.61,26.27,1
31542,47791387.07,48104461.6,20.2,2
40237,29129986.88,29140670.38,25.6,0
20142,33436811.78,33174113.950000003,23.0,2
11135,10042585.38,10003347.75,23.65,2
51087,740431.0,606202.28,19.51,1
41806,13668707.13,13272677.040000001,25.5,0
11868,740431.0,640085.22,28.12,0
51718,20445521.92917001,14956408.73,15.74,2
10873,740431.0,611766.12,20.56,2
31529,6543208.58,6388899.5600000005,24.84,1
10877,34604330.26,34348823.1,12.26,2
11759,7650705.67,7689890.1,32.7,1
11247,42856324.59,43230178.45,20.44,0
40817,740431.0,996155.78,19.31,1
11496,27231442.9,27362168.279999997,22.96,2
50422,740431.0,875512.8200000001,24.69,0
30168,26354213.87,26327685.240000002,20.22,1
30169,10631683.41,10270780.77,28.9,0
11937,880671.96,806785.62,26.0,1
41649,740431.0,546575.46,19.81,2
41413,971343.0702687401,771370.35,21.39,2
51634,10219050.1,10465693.04,16.42,0
10586,23481862.77,23876544.69,17.73,0
30953,39266447.08,39279371.29,25.94,0
40287,49486044.24,49152612.97,19.87,1
11851,32482975.42,32495510.630000003,33.02,2
40603,740431.0,758402.23,24.35,0
40942,740431.0,876199.77,17.24,0
30198,21546213.67,21542374.560000002,18.28,0
20932,16818837.97,16832141.619999997,29.26,1
51651,31345538.568418983,40592864.4,23.62,0
51385,59064847.07,59002466.67,28.96,0
30946,54490345.93,54592992.42,22.17,1
41321,37821907.43,37420210.69,21.2,1
10944,16997502.83,16934045.119999997,29.6,0
41111,34704545.48,34842125.47,19.71,0
30468,41432692.11,41760837.9,26.45,1
50201,2442446.95,2362779.66,22.94,2
40692,740431.0,977504.96,28.39,1
51463,632258.2270793129,1078435.77,33.09,2
10424,740431.0,663354.52,22.04,0
50699,740431.0,628789.29,21.26,0
51913,11004758.52,10968343.629999999,27.33,2
20698,740431.0,724040.64,18.59,1
20211,740431.0,958595.53,32.08,0
21851,20734395.47,20579650.43,31.23,2
51317,9532603.98,9840217.07,19.0,1
30999,14878973.38,14718821.870000001,16.08,2
51982,35045650.01,34792765.03,18.2,1
31386,24254029.0,24358784.44,18.27,1
31124,50586405.231400736,38605820.84,28.01,1
20119,7341755.21,7377486.31,31.75,1
40737,40362399.74,40449416.620000005,27.95,2
11585,13372424.62,13763284.069999998,22.82,2
20108,9254463.86,9503394.42,25.71,2
21228,37123216.31,37129401.39,19.65,2
40705,740431.0,654201.62,29.49,2
11517,49239606.75,49458618.52,26.16,1
51936,740431.0,906287.78,27.87,0
50119,740431.0,824146.34,20.36,0
21764,19704991.91,19639589.17,23.16,2
11791,740431.0,725153.07,27.63,2
20398,49287171.83,49257667.92,31.22,0
31211,740431.0,678357.24,20.96,1
20654,12396174.37,12275944.739999998,27.9,2
21145,530992.9865020175,793470.73,20.44,1
50347,23141372.78,23012109.720000003,34.59,0
50812,740431.0,775906.83,21.93,0
51421,20563433.21,20143458.560000002,27.22,2
31411,740431.0,620456.17,24.83,1
51092,740431.0,960096.84,37.03,2
10205,8445744.23,8265658.380000001,25.15,0
41481,7480838.63,7599259.02,21.42,1
10956,24610610.42,24447153.67,27.2,2
10320,39159758.76,39314915.89,27.09,2
50841,46842707.74,46783285.95,23.21,2
41646,24245930.3,24178600.98,18.53,0
40212,11623808.7,11634679.0,21.36,2
40670,740431.0,471745.61,28.41,1
31217,9972613.72,10167031.88,15.26,2
50519,10251107.96,10511794.65,22.76,0
40226,1054366.478381767,1263729.76,28.97,2
31648,19262342.98,19367183.81,23.53,0
20552,29802166.27,29957948.41,34.87,0
21596,740431.0,722179.49,15.28,1
31270,740431.0,518781.57,19.19,1
30455,2615080.2,2933896.6300000004,12.43,2
51575,740431.0,661926.66,33.97,0
51133,740431.0,618604.05,19.28,0
21662,740431.0,1068189.3900000001,14.07,1
40688,740431.0,862442.75,20.94,1
21423,31667774.49,31719260.509999998,17.04,2
41815,42324831.8,42130679.669999994,20.98,0
41227,740431.0,900991.81,24.21,1
51175,17389204.18,17968507.9,28.02,2
11364,21794671.24159654,24623848.91,23.13,0
11181,740431.0,839648.7,24.13,0
31651,9087889.55,9232108.110000001,21.09,1
51553,60231633.61,60166010.54,16.44,2
41578,20214694.96,20147164.810000002,14.77,1
10491,470829.8180251247,670341.9,22.18,2
41182,740431.0,625441.01,24.42,0
11992,740431.0,669942.03,21.81,2
11551,14816298.80546324,15688109.780000001,14.95,2
10447,47605969.04,47557032.14,25.01,2
51304,740431.0,685895.39,32.15,2
21907,740431.0,789033.37,23.43,2
40235,740431.0,756189.6,21.1,1
51448,24621996.0,24655468.49,23.7,2
50473,740431.0,1044890.51,18.48,2
51672,740431.0,755777.85,18.16,0
52045,6030651.1,6472829.3,26.26,2
51481,10569295.24,10639833.15,28.95,0
31581,740431.0,650979.08,23.26,1
40397,1242182.9057604163,1203764.31,14.13,1
50896,740431.0,724525.55,25.77,2
41672,740431.0,261694.16999999998,34.34,1
31019,740431.0,739630.37,22.78,2
30463,25908019.68,25858184.509999998,23.11,1
41838,740431.0,1061740.48,19.64,2
10267,740431.0,560917.66,26.41,2
21759,11315089.21,11248558.25,20.65,0
11369,21250543.91,21504071.79,29.11,0
10413,508117.0259102405,819312.71,20.71,0
11147,740431.0,706139.64,25.71,0
50761,740431.0,589133.87,23.77,2
31231,740431.0,810780.15,31.78,1
11080,29477620.84,29471760.61,26.05,2
30796,3159013.46,3005447.61,30.94,0
41322,23716486.76,23573317.450000003,24.54,0
20793,740431.0,577536.58,23.15,1
41786,740431.0,541919.88,23.81,0
41043,26182994.33,26369801.08,20.14,2
51067,740431.0,900309.67,26.66,2
20454,27435918.7,27623053.59,20.55,2
42010,740431.0,741330.91,24.56,2
40442,740431.0,691905.24,28.28,2
20764,30276905.002368614,41575822.83,31.92,1
20121,805652.7871044396,944651.31,24.81,2
41280,8750892.71,8386863.150000001,28.31,0
21376,18905986.55,18803089.330000002,27.71,0
41066,10500484.6,10323015.469999999,22.09,0
41541,11115810.16,11387787.67,34.54,0
51324,2652740.934293641,4303443.04,21.12,1
10935,740431.0,413233.23,24.45,0
40956,13125657.31,13170342.040000001,31.27,1
31530,394959.21923746186,666408.16,31.15,0
11057,22340610.6,22229224.84,24.07,1
11094,35194663.24,35062656.85,28.95,1
10847,740431.0,600534.04,22.88,1
51635,35232309.69,35374021.75,21.56,0
41719,740431.0,785188.47,17.94,1
50508,2794922.06,2755328.91,27.62,2
40426,740431.0,520783.22,28.15,2
51871,9680453.16,9646674.5,21.16,0
51930,7058036.13,7110161.7,25.34,2
30407,28832489.93,28892220.82,37.25,2
50767,740431.0,772607.88,29.73,2
21065,41418925.84,41234407.31,19.49,0
31836,19946686.97,19466051.65,29.01,0
51925,7578715.33,7938639.08,19.52,2
10437,1720647.77,1458720.4,9.52,0
21001,740431.0,347439.41,23.9,1
20115,740431.0,766534.12,31.82,2
21837,9247904.11,8906200.41,30.99,0
30513,1112416.53,951456.78,25.89,0
51508,740431.0,850201.09,21.29,2
51705,9378479.49,9733016.94,26.43,0
10360,740431.0,817933.36,22.65,2
11273,12569014.53,12481182.68,21.43,0
20201,809178.77,798894.86,29.31,1
10136,20636859.58,20275142.389999997,21.37,2
31735,26938775.89,26848625.47,29.64,1
51666,33442208.676110145,26840333.82,21.04,2
20563,12474988.15,12505653.88,34.29,0
11523,14991202.88,15379640.8,15.8,1
30309,740431.0,353071.94,19.22,0
30734,20225318.51,20143782.990000002,23.22,2
11146,22658228.07,22291526.16,14.08,2
51078,740431.0,639758.1799999999,11.15,2
10904,13773601.53,13600681.1,14.12,2
21430,35109911.11,34811041.85,22.54,2
11395,740431.0,923049.41,22.67,1
30275,646870.744858116,791560.54,25.66,2
10399,740431.0,899602.13,23.01,0
50772,613185.8450159528,634100.24,25.5,1
41803,11027130.471138952,8319374.54,21.75,0
10314,6263688.85,6582616.9799999995,27.57,2
51060,9864958.01,9864413.97,26.97,0
50777,14584762.55,14746353.860000001,22.37,1
30945,910438.8808999739,616939.74,26.67,1
51796,11506972.29,11650175.76,23.05,1
51134,15171576.1,15061792.23,16.39,0
50745,740431.0,361146.52,28.52,1
51461,14331018.480423063,14672519.82,19.47,0
21983,7357494.34,7263433.71,28.47,2
20416,740431.0,415474.73,25.62,2
30666,11713688.88,11751987.450000001,23.58,0
11040,740431.0,561725.7,14.62,1
50717,20644067.33,21262595.59,31.7,0
11334,740431.0,447542.55,22.18,0
11416,740431.0,497846.01,27.17,0
30460,11373058.33,11546968.55,23.43,2
50866,10562882.18,10536277.799999999,22.64,0
50566,740431.0,910271.46,24.96,2
40190,21796714.81,21872793.02,24.13,0
10413,20668977.28,20552515.85,22.67,2
10356,740431.0,464612.52,23.72,0
20931,740431.0,954647.62,26.14,0
40834,2556541.18,2298851.14,26.49,1
20139,740431.0,852212.19,24.22,1
20667,19422498.19,19606297.94,27.1,0
20908,11095523.003400575,8803676.4,21.88,0
30787,740431.0,679601.49,35.12,0
30478,740431.0,543685.78,31.43,0
21355,31220878.29,31313426.83,27.81,1
41727,38719181.58,38109995.809999995,14.29,2
10293,17230881.21,17374026.48,27.03,0
40553,1063369.0,1087264.27,22.32,1
51239,740431.0,695867.86,19.11,0
30865,17467366.23,17515826.68,22.19,0
10617,7254322.65,6979611.37,19.66,2
10830,740431.0,257832.46000000002,26.53,0
51853,27861262.45,27954977.46,32.08,0
50313,47597232.10606212,34891936.91,28.13,2
21221,21510366.44,21162486.05,37.81,2
30319,610953.9993083362,529934.98,16.23,2
30653,740431.0,890895.98,21.47,2
40219,740431.0,812208.95,19.28,1
21257,40023054.2,40615675.89,30.15,1
20225,740431.0,955562.49,22.9,1
20686,55915431.37,56082516.26,24.95,0
21731,47765773.08,47613015.339999996,27.17,2
30381,740431.0,845392.16,16.73,2
30255,740431.0,1039513.73,20.89,1
22023,15667197.71,15634319.56,28.99,0
40832,740431.0,716988.09,21.26,0
11262,740431.0,768701.71,15.43,0
10474,740431.0,607531.26,19.49,1
40510,52867024.936579496,45576301.870000005,22.57,0
21372,9088728.92,9137523.35,24.83,0
31554,740431.0,1036428.28,23.65,0
11652,740431.0,702552.51,20.93,2
51020,24890371.98,25025317.69,28.7,1
51632,749633.4847243689,708517.94,23.35,2
41214,4533808.98,4661760.87,25.05,2
21750,370393.85096013837,690419.31,21.2,1
11628,740431.0,855125.6,31.54,2
21253,740431.0,886078.17,22.04,0
10824,740431.0,527099.77,24.37,0
42079,740431.0,960906.08,29.17,0
40322,887711.68,854416.2000000001,25.4,0
51630,3700934.02,3606974.68,25.28,1
21363,740431.0,598429.38,14.13,2
51904,34700261.87,34759901.93,27.4,2
20877,26053014.82,26052090.48,24.28,0
50559,2705245.8,2779407.2399999998,26.71,0
32087,11098671.2,11176715.36,24.92,2
30808,740431.0,862147.9299999999,21.2,1
31282,740431.0,1295687.8199999998,28.47,2
30112,6059495.89,6067434.239999999,24.99,0
12031,12205731.72,12058817.040000001,17.55,0
30678,740431.0,336468.33,30.54,1
41834,13612690.98583128,16144258.98,16.85,2
40882,740431.0,987500.73,28.5,1
10798,12902425.98,13046410.88,31.43,1
30175,740431.0,470433.79,18.47,0
31676,32584013.85,33076856.34,23.39,2
31249,6131599.601257455,10559805.35,22.92,0
50679,27226388.87,27318452.21,23.15,2
22057,29000702.61,29449547.65,33.15,0
50295,740431.0,1088322.1400000001,18.53,0
21493,740431.0,896658.5,22.47,2
30426,11534759.588498613,15518753.17,31.52,2
30118,740431.0,924988.02,22.39,0
51896,740431.0,692237.57,19.32,2
51386,33351650.5,33409009.08,25.32,0
20238,740431.0,855295.1,28.03,2
40981,740431.0,715074.48,22.04,0
20287,740431.0,547347.1,26.77,0
50988,52661838.77,52608612.690000005,17.12,0
50150,1775937.84,1578351.32,17.39,1
11108,740431.0,753305.51,21.8,2
50341,740431.0,384339.57,26.95,0
12006,740431.0,808638.7,27.81,1
40469,1381395.88,1055140.98,18.09,0
21844,26078658.22,25997963.61,27.62,1
20664,23991367.86,24092188.07,24.83,0
10329,5480929.98,5639159.32,19.6,0
21128,740431.0,874902.84,17.33,1
51511,12938385.18,13002331.959999999,25.15,1
30565,698414.0889247477,516576.33999999997,30.45,2
12019,48323028.8,48519150.47,24.18,2
21009,19718004.4,19498724.13,19.33,1
11227,24307064.85,24525980.01,14.66,2
11534,740431.0,865971.95,31.65,1
31744,33267231.11,33539011.41,29.21,2
51068,740431.0,745404.7,25.51,0
10682,740431.0,576678.1799999999,31.39,2
21815,4773315.39,4514784.89,25.12,0
41351,4269264.45,4032948.58,21.34,0
10313,740431.0,413076.05,26.78,2
11083,740431.0,928831.58,19.85,1
31449,740431.0,953914.39,19.02,0
50670,740431.0,851170.99,27.86,0
40356,740431.0,733822.82,28.28,2
21676,740431.0,1152622.8900000001,17.63,1
40751,740431.0,720801.3,17.82,1
22037,41547575.07675829,28191427.349999998,21.77,2
51417,23365457.7,23355887.4,20.44,1
20958,740431.0,672769.39,26.38,2
31587,26273340.07,26399534.97,24.24,2
30390,740431.0,613731.66,29.82,2
30229,70566551.74595843,57841619.99,25.59,0
30233,33648018.08,33784311.96,20.78,0
40360,740431.0,640909.33,14.54,0
51891,13861538.63,13888235.040000001,24.9,2
21489,740431.0,672165.38,15.45,0
22055,9955172.0169272,6918365.45,20.72,0
31810,1658593.58,1523935.76,20.39,0
31047,575931.5916575566,612313.25,21.46,2
10223,740431.0,576484.58,17.42,2
50185,740431.0,909097.02,20.37,2
40421,740431.0,774807.97,29.73,0
21413,740431.0,924141.16,29.72,1
10133,740431.0,945508.31,31.66,0
11424,24098840.23,24006857.36,24.05,0
21611,740431.0,916748.0,25.36,2
41417,740431.0,737606.86,29.8,2
12068,23757684.24,23725949.54,16.65,0
10347,13585480.84,13835954.26,28.03,0
50325,22960013.36,23070767.05,30.51,1
40994,25365341.21,25294856.36,19.56,1
10673,47382602.32,47480360.98,30.91,2
41321,2254056.2,2000913.6700000002,34.29,1
20284,557915.5108562137,789893.6,27.89,1
30883,11460379.98,11160461.67,26.97,2
10283,740431.0,543551.0700000001,18.4,1
50412,740431.0,857358.94,29.35,0
21537,7771780.1,7237730.899999999,18.87,1
40442,24280388.89,24640891.26,25.85,2
21317,740431.0,907329.54,26.36,0
11248,33089161.97,32721455.349999998,7.52,1
41328,864012.9223679765,1220130.72,26.03,0
31441,740431.0,1275251.78,37.11,0
22099,13945206.55,13909108.22,13.54,1
11847,740431.0,555133.19,23.73,1
50618,740431.0,1077691.71,14.26,2
41178,25609453.48,25540695.45,19.53,2
20299,740431.0,772638.9,14.35,0
21971,21675186.11,21918644.06,24.8,2
31913,740431.0,709728.71,27.97,0
30582,740431.0,692220.15,26.05,0
51913,24208835.69,23954356.69,19.35,2
50231,12957920.59,12831811.97,20.95,2
11002,740431.0,688277.03,25.36,2
10216,13270997.42,13023284.78,19.51,1
51109,740431.0,510843.83999999997,17.36,0
51873,7994544.43,8001264.6899999995,22.8,0
41538,8388917.53,8018976.699999999,19.28,0
30975,740431.0,564598.4,26.06,2
11954,740431.0,1129349.8,30.49,2
30956,7132054.78,7062961.05,36.99,2
30386,4432532.61,4338387.930000001,25.69,2
50997,480382.95779871213,670441.83,27.23,2
41487,740431.0,673600.52,21.0,1
21945,5886699.28,6001673.05,21.31,2
40734,740431.0,841404.23,30.42,0
41609,740431.0,662279.3200000001,22.62,2
31688,6556090.04,6513322.56,24.36,0
40108,40287272.55,40549827.169999994,30.11,2
10407,740431.0,438370.05,22.66,2
30436,37904648.87,37893132.47,31.5,0
10718,51195458.29,51222507.6,26.87,0
20803,740431.0,585094.4299999999,26.28,0
31728,3872423.2140936744,5789671.71,20.76,0
20570,50966963.12,50784627.83,26.55,1
30744,3007669.39,3135103.2,21.85,0
52021,6411280.28,6143638.95,26.35,2
42028,740431.0,952897.73,23.49,2
50454,740431.0,725769.97,28.83,1
20654,17594318.56,17504711.79,23.84,0
40765,57984717.29,57783777.87,34.19,2
31821,848909.4980422632,1598635.23,22.62,1
40599,740431.0,610058.5700000001,21.33,2
12013,740431.0,506981.29000000004,25.73,1
40357,4846234.44,5056527.100000001,29.39,1
10749,30994267.54,30813406.38,29.35,0
41454,23594248.573320303,19337994.3,24.83,1
10710,15539270.75,15703031.51,25.7,2
20553,33838388.27,33869979.79000001,25.7,2
50544,740431.0,1086601.31,18.61,0
30247,6652339.860858739,5862363.43,29.12,0
40653,740431.0,698328.73,17.71,1
51574,740431.0,713795.37,18.62,0
31046,594943.805273625,864677.99,24.28,2
30713,740431.0,998155.63,22.4,2
10537,5020284.7,5035008.0,27.98,0
20124,740431.0,712898.23,26.24,0
21302,2145804.83,1849206.46,24.69,0
51886,17635427.69175858,14371494.56,18.37,1
21381,32319758.32,32189698.32,24.13,1
41814,33881748.89,34005436.15,23.74,2
20510,22031372.03,21949435.19,25.11,1
51335,740431.0,692303.39,21.85,1
20425,740431.0,448377.4,26.61,1
41703,740431.0,378140.58,22.27,1
10317,740431.0,1112628.41,26.15,2
51712,12997651.19,13023587.969999999,27.98,0
11154,740431.0,821298.1,21.33,2
12024,34205722.67372814,41942747.48,20.14,1
10429,31382584.71,31557689.43,26.38,0
30243,15926133.39,16065161.370000001,17.39,0
32025,4278873.42,4118387.98,29.56,0
11660,32107286.63,31895385.54,24.05,2
51890,15032116.611528806,20332431.26,23.43,0
40865,29473042.27,29467385.74,26.73,2
40384,4344777.17,4378198.57,26.42,2
20928,44189174.28,44196853.08,24.03,1
52016,30771827.06,31031573.08,28.39,1
30647,16601587.4,16458596.030000001,20.64,0
11081,32692194.29,32474861.89,27.56,0
21092,740431.0,740450.8,18.61,1
41358,740431.0,401814.04,26.55,2
31776,12549260.36,12688407.86,22.36,2
30927,6363925.6795224,4406655.95,17.44,1
11753,1355630.98,1288023.3699999999,25.28,2
40942,31837242.08,31758531.509999998,23.83,1
50959,9220683.7,9402682.86,16.29,1
30147,11299379.9,11475009.49,13.43,0
10294,740431.0,691156.63,23.24,0
51634,24611721.99,24730075.75,32.09,1
40137,20747765.33,20920439.419999998,25.61,0
31006,24450835.41,24517940.66,20.66,1
51807,740431.0,699338.0,29.41,2
50896,33729399.87,33805633.41,28.54,2
51196,45255261.3,45047443.97,30.36,2
30225,23769189.36,23783410.47,27.42,2
30833,740431.0,693805.75,28.43,1
20855,740431.0,662457.88,27.66,2
41758,740431.0,395126.8,21.61,2
11507,740431.0,534911.45,15.81,2
51757,4085224.45,3988045.49,21.39,2
21312,19251021.82,19430029.66,29.52,1
11916,11868114.57,11925279.27,22.09,2
20580,9978393.45,10166328.299999999,23.27,0
31243,740431.0,989013.6799999999,18.17,0
50177,4025872.74,4091734.5700000003,21.24,0
10507,22789165.78,22817224.46,23.95,0
10851,740431.0,545832.2,26.46,0
11373,5372198.96,5769533.21,21.71,0
10832,11825759.25,11542190.44,21.36,1
11175,22509093.48,22532840.3,28.21,0
20108,740431.0,906990.8,25.63,2
51397,740431.0,909778.52,26.24,0
31987,18205798.66,17974780.84,31.64,1
30389,740431.0,656450.4,21.47,0
31772,34335153.27,34175362.32,23.75,2
30545,15748225.103197979,10106194.31,26.76,2
22086,39218406.43,39244471.78,19.64,1
40859,740431.0,596907.92,25.15,1
51404,740431.0,1041527.46,24.11,1
10467,740431.0,863465.89,37.89,1
41129,740431.0,748711.39,24.5,0
32029,1654630.44,1560090.53,29.78,0
41598,740431.0,763454.21,28.15,2
51998,742807.3516547618,689256.24,18.22,1
10728,740431.0,754338.82,16.26,1
11977,740431.0,1120758.15,25.24,0
51979,30345525.61,30132574.38,30.29,1
51187,5182053.596427116,4829965.5,25.44,2
30544,41362985.93,41504263.61,24.39,2
10590,22567500.87,22487472.7,22.58,1
40804,34679168.78,34995277.15,17.38,2
21090,740431.0,876122.83,19.2,2
20609,740431.0,596652.92,15.89,0
51505,13067973.81,13108787.55,18.48,2
31656,740431.0,599509.25,21.37,1
21796,15773976.14,15614644.48,27.88,1
10884,740431.0,712391.4,21.77,2
50850,34287895.4,34540647.629999995,25.28,1
40975,20265684.58,20414773.59,24.68,0
50215,29258956.43,29254440.91,26.5,2
41532,740431.0,896668.24,18.83,2
51828,28213545.95,28267269.689999998,29.3,2
50322,36760770.49,36526791.88,16.96,1
51717,4783200.09,4754172.57,21.76,1
40459,740431.0,725799.08,23.9,2
40490,740431.0,892769.0700000001,27.8,1
51471,32326596.56,32213302.459999997,30.9,1
20957,63483000.64,63300467.72,27.84,2
30926,740431.0,731321.61,31.08,2
31825,740431.0,611346.1,19.85,1
31010,25480258.3,25415556.46,29.95,2
40445,740431.0,724255.09,29.09,2
41283,27569977.3,27493368.470000003,12.02,2
20811,15649000.33,15841636.88,22.9,2
30277,5100868.81,5383727.83,27.01,1
31353,15130033.9,15302616.05,21.42,2
51672,20126165.21145867,13459267.030000001,18.57,0
40268,1746038.51,1617643.78,34.57,2
31195,740431.0,704700.58,24.56,0
21028,9468832.39,9099577.74,24.69,2
21575,49378443.06088142,39352330.919999994,17.46,0
31765,740431.0,702145.01,20.94,0
40849,740431.0,650636.1799999999,19.51,2
21847,14818658.86,14820388.899999999,29.39,2
50952,6449644.86,6173479.19,26.52,2
20888,14481410.44,14389353.969999999,21.15,0
11454,740431.0,770812.95,26.8,1
11860,30676340.35,30678380.64,22.73,1
42057,6628751.92,6718130.64,25.17,2
32047,20642348.16,20720063.03,25.15,1
41231,12521816.65,12440395.26,26.1,1
41946,9400805.04,9424828.819999998,25.5,2
41426,19130115.17,18970116.55,26.11,0
41705,8649788.251608742,9583730.36,30.28,2
50384,740431.0,529307.51,27.2,1
50752,24683518.71007004,29270495.990000002,22.32,0
21775,23253748.02,23199049.16,23.51,1
11254,740431.0,953219.69,30.15,0
40933,740431.0,802730.21,24.56,1
21550,28087444.24,27910311.79,22.13,2
11838,740431.0,790652.32,20.84,1
31327,25957794.36,26119738.009999998,25.37,1
50898,2573464.75,2557948.59,19.73,0
11415,34509620.43,34524426.3,30.42,1
30896,5593016.17,5482724.71,18.81,2
11461,740431.0,745251.65,31.39,2
50721,12259004.44,12306584.08,22.57,2
51246,4962730.33,4846967.17,18.62,0
21169,740431.0,524571.81,24.95,0
41106,28434655.91154891,53695188.45,19.23,1
11338,764058.6692025196,861255.1,24.17,1
11862,740431.0,630899.38,21.11,1
30286,39713727.82,39757659.27,28.73,0
51562,740431.0,444715.27,24.68,0
12082,740431.0,345016.81,18.06,1
51878,740431.0,957257.62,21.01,0
11574,740431.0,786341.23,27.52,0
21946,740431.0,730890.51,30.44,2
41213,740431.0,786962.44,23.77,2
11395,7013734.78,7658961.11,18.78,1
51194,740431.0,914250.06,29.27,1
20503,21361834.35,21152746.3,27.5,2
10194,16022960.93,15686885.65,30.53,0
30306,740431.0,951338.15,25.45,1
41993,5665664.377225016,8128301.71,21.4,1
10708,740431.0,855443.15,26.58,1
21244,995842.9527943316,577855.19,25.63,0
31533,20479510.93,20552168.009999998,21.13,2
20581,3002381.18,2857712.1500000004,24.99,1
21575,501303.8436109558,872987.38,23.02,2
30877,740431.0,936962.38,27.72,2
21050,792771.8168110071,631736.45,26.46,0
31611,48488736.89,48715098.92,18.74,0
10895,12820186.16,12843156.64,18.24,0
30128,740431.0,838805.64,23.55,0
31270,11823135.89,11561209.22,24.16,0
40541,28511153.85,28557596.75,27.8,0
30316,9228840.69,9093723.809999999,26.57,1
30168,35236912.34,35331839.03,31.29,2
10499,740431.0,1033863.53,21.66,0
40848,740431.0,798335.04,21.38,1
50356,15251359.93786111,11053425.799999999,19.2,2
11064,11578043.07,11703336.290000001,27.75,0
10259,1057194.8317558654,820788.75,24.11,0
51190,740431.0,1152151.35,14.73,1
31062,740431.0,791224.59,25.01,2
21476,740431.0,623336.0,25.33,0
40711,740431.0,894559.25,23.28,2
20289,14646666.270531569,18435337.68,25.48,1
50918,740431.0,756481.2,17.9,0
11619,740431.0,554735.79,32.21,2
11387,740431.0,715944.04,25.9,1
40955,32971065.54,32977226.48,15.13,1
12082,14986916.24,14961246.5,23.97,0
10426,740431.0,622253.53,26.03,2
41006,740431.0,798076.83,18.44,0
41204,16743121.180498563,16826070.71,26.67,0
51729,33240154.07,33008355.15,32.4,2
11459,23743329.29,23885236.52,20.78,2
11498,740431.0,863981.04,26.14,2
50217,740431.0,478910.1,25.04,1
32043,33394625.470719527,24011401.799999997,28.84,1
31180,740431.0,538682.59,23.46,2
31666,7102165.24,7076505.44,18.67,1
51934,1983972.4549057682,2024032.3499999999,28.52,0
10608,740431.0,709882.09,18.96,2
51913,13469719.04,13315846.829999998,33.04,0
50508,5322758.09142641,10529132.24,26.8,2
30494,740431.0,717627.78,21.01,0
21596,15773158.07,15496956.61,29.54,2
10494,740431.0,465418.42,23.95,0
32065,740431.0,470791.5,22.89,2
21043,6180955.47,6676925.779999999,20.6,2
20339,740431.0,912427.29,14.61,1
40581,4386930.41,4268187.2,27.02,0
10659,21432603.6,21654256.96,15.86,1
20884,740431.0,626819.74,20.03,0
30788,4882337.01,5097373.09,26.16,1
41086,17739940.77,17756002.06,21.5,2
10693,740431.0,608660.75,24.79,1
51486,740431.0,876395.0700000001,17.93,1
30444,740431.0,767934.91,22.26,2
21309,5295751.44,5375404.99,24.82,1
22037,740431.0,783532.4,19.24,2
31774,16376396.78,16417399.729999999,32.43,0
20736,18798424.6425348,17924106.84,20.81,1
40492,22673483.18,23190244.55,30.89,2
11428,740431.0,990189.38,23.16,2
40342,740431.0,784360.03,16.16,1
20543,21604939.68,21542818.3,18.32,0
51685,14911222.5,14871075.52,24.88,1
12088,740431.0,489205.14,29.16,2
10442,17580339.45,17713248.16,32.85,0
30266,740431.0,537446.46,24.64,1
31855,27826173.34,27751682.48,18.11,2
51972,740431.0,874500.74,25.39,1
11948,740431.0,692965.94,19.87,0
51791,1031760.2809360118,641973.4,25.96,0
31422,740431.0,500934.86,19.29,0
31927,5358798.01,5599863.359999999,13.55,0
11393,6658493.83,6491849.46,30.58,0
41267,740431.0,623255.83,22.87,1
20613,9934213.65,9575867.77,24.25,0
30445,8162162.165851356,5792237.47,28.98,0
31910,740431.0,673772.02,33.39,2
41609,740431.0,776802.58,27.6,0
41354,18732006.14,18497079.8,24.52,2
50427,16920403.35,17067239.51,26.31,2
51734,6849400.34,6481558.2299999995,22.53,2
20101,25540213.25,25521777.75,24.18,1
21832,740431.0,763528.66,24.72,1
12089,740431.0,751985.8,20.07,2
51793,740431.0,771981.97,24.11,1
31571,54255208.47,54412942.81,25.84,0
51167,20992303.8,21257243.54,26.59,1
31384,3913432.5,3882310.91,26.19,0
40120,22539434.56,22345866.029999997,17.3,0
51794,29680801.81,29792945.27,30.15,1
40635,29451354.37,29395306.490000002,29.73,1
20499,25486494.71,25739418.650000002,23.52,2
22091,740431.0,620037.6799999999,26.28,1
11690,1071187.3882364568,568828.8200000001,22.92,1
51578,740431.0,769189.75,27.76,1
41517,16448772.32,16100688.76,19.93,0
30618,2191629.07,2098143.3299999996,30.71,0
21545,818132.4312568269,674462.88,27.51,0
21493,740431.0,784525.46,27.63,2
31184,36878903.39,36679648.97,23.47,2
40753,26154250.75,25978350.66,16.94,2
40991,45074734.42,45306117.160000004,28.42,0
51682,17021509.31,17018817.02,17.1,1
50568,6845478.88,7018406.32,28.48,2
12065,5070147.51,4961790.029999999,20.14,2
21001,740431.0,729540.81,16.06,0
51858,740431.0,783337.89,24.0,2
40326,16554264.86,16903775.84,29.91,1
31320,740431.0,696907.36,19.17,0
41187,10176039.04,10142785.26,32.0,0
21710,29663362.97,29882993.58,27.28,1
41359,932562.8999106673,664468.71,24.78,1
10675,48956807.67,49013733.510000005,21.82,1
21741,740431.0,942622.84,22.17,2
31305,26962931.0,26847762.63,26.15,1
11965,14774019.67,14842112.16,28.23,0
21917,31358324.49,31707434.63,21.03,1
31022,740431.0,924694.61,19.97,0
10398,55349174.89,55406161.5,22.93,0
11441,1763960.94,1719096.68,30.97,2
21993,20203939.8,20083076.14,17.92,1
50568,36755920.15,36558282.97,29.71,2
10569,740431.0,1042355.79,24.21,1
12011,23417557.99,23680652.2,15.74,1
31756,740431.0,609008.1,21.69,1
41051,35731424.99,35798962.39,27.05,1
20521,740431.0,762696.3,33.01,1
20499,6447815.13,6684698.22,17.36,0
50676,12216646.67,12293206.91,9.9,0
50426,22524543.09,22519979.34,17.45,1
20719,48051317.28,47942980.160000004,29.65,0
50760,740431.0,808604.5700000001,15.03,2
31871,30164943.0,30095306.49,31.49,2
20347,48089734.09,48133871.080000006,30.07,2
50171,9190378.36,9175184.139999999,24.96,1
20426,740431.0,665932.62,20.87,1
40640,740431.0,545882.85,24.28,0
10905,46214686.59,46317525.64,27.06,0
21421,740431.0,748945.07,26.29,0
11278,740431.0,1097915.17,32.7,2
52004,740431.0,533962.03,22.7,2
10423,740431.0,865490.64,17.5,2
21284,25443420.56,25426891.27,16.61,2
41015,28421744.8,28841696.48,15.61,0
50793,19675242.12,19785036.5,24.98,1
20308,8470485.49,8535423.21,22.83,1
51441,740431.0,724410.51,24.16,2
31019,740431.0,599806.79,21.31,1
11646,740431.0,802709.56,18.45,1
31628,17965788.14,17689327.62,27.07,1
21091,740431.0,473174.18,11.68,2
41368,740431.0,942918.69,19.99,0
50615,1662382.99,1309958.16,27.93,0
11299,740431.0,676516.29,19.5,1
50937,6625968.22,6416142.92,25.96,0
21301,3307889.35,3227395.21,20.0,0
50467,31145214.09,31182123.15,21.72,2
11124,740431.0,937342.06,26.87,2
22027,740431.0,983957.72,17.61,1
51840,740431.0,556640.36,27.73,1
41163,740431.0,647238.61,24.23,1
20461,3421781.244859641,7272285.380000001,30.28,2
21836,740431.0,690428.06,25.04,0
40198,740431.0,563988.84,18.65,2
30793,740431.0,597270.85,32.64,2
10624,17856627.25,17807799.27,19.07,0
31524,740431.0,661883.53,22.86,0
51804,740431.0,693556.98,28.79,1
41167,1267189.7,1262904.39,14.6,0
32034,12513382.2,12507700.629999999,31.2,0
21557,740431.0,549333.7,18.25,0
51649,740431.0,814297.2,21.73,0
50787,740431.0,764640.39,25.44,1
31053,8052508.19,8151824.5200000005,23.79,1
31223,740431.0,397540.19,27.95,0
41469,740431.0,771799.85,16.0,0
10595,21794784.53,21397665.27,27.64,1
31853,748898.8697542906,705316.82,28.04,1
30562,4676426.21,4808013.47,29.15,0
20341,740431.0,949586.83,16.05,2
50557,10531116.91,10598008.92,16.66,1
11760,740431.0,875509.15,22.29,1
21954,31301551.314233992,27536829.46,17.2,1
41970,740431.0,638597.45,14.98,0
41257,15147440.87,15685992.5,22.07,0
30910,31941123.99,32106556.049999997,25.17,1
30140,740431.0,505834.23,37.99,0
41807,740431.0,393498.22,26.74,0
30438,740431.0,647417.11,32.76,1
11085,740431.0,978804.7,23.78,0
30761,16771571.75,16781319.58,26.8,2
50184,740431.0,295627.04,23.27,0
31703,740431.0,704972.32,37.42,0
20251,740431.0,739950.69,20.57,1
11186,31956615.372879874,39667083.2,21.25,1
20947,41843444.13,41848277.36,27.98,2
20768,17694521.1,17491847.5,25.04,0
51792,419548.93549099215,373321.72,21.88,2
11776,21735623.5,22056525.02,28.8,2
10238,26068595.85,25857075.41,23.79,1
10636,740431.0,606974.05,23.76,0
11441,6509500.56,6373383.9799999995,25.15,1
10669,32170424.39,32170872.14,15.33,2
50213,740431.0,1093693.12,16.03,2
30187,24076987.992946167,26901062.45,29.43,1
21058,740431.0,679070.3,20.62,1
10550,740431.0,764603.38,23.34,1
30230,740431.0,566672.65,32.06,1
31662,740431.0,675853.72,23.56,1
20225,740431.0,859330.96,22.95,2
51027,43802792.07,43651651.07,28.48,1
40251,16206383.27,16138654.77,21.01,0
41678,28564324.77,28478053.98,30.01,2
31657,17740463.57,17719702.23,28.38,2
21947,6937593.7,6986224.04,33.15,0
40739,7229204.71,7346516.86,20.55,0
31216,740431.0,1127941.8599999999,30.83,2
51522,1014686.9852979179,208735.70999999996,26.77,1
40885,740431.0,706952.73,17.37,2
30654,28938188.78,28665301.57,11.02,2
31021,740431.0,663357.0,20.01,0
10372,740431.0,916604.47,25.46,2
51916,48990274.15,49229832.65,26.19,1
11759,8553156.11,8802099.03,23.7,0
20731,9448563.11,9695621.61,23.75,2
12042,19356564.5,19321777.49,23.37,2
10474,740431.0,1020137.05,29.16,1
41432,740431.0,1059800.96,16.82,2
32059,846955.2734675696,768191.09,25.34,2
51534,740431.0,975878.3200000001,19.89,2
10809,4001944.14,4010191.54,19.47,2
51581,16084510.16,16366556.66,29.88,1
12011,35563315.44,35530982.79,19.08,2
21496,32569763.429690715,22980108.439999998,23.3,2
10910,740431.0,516432.70999999996,33.79,2
40886,740431.0,705705.19,28.19,0
31717,740431.0,757308.64,21.73,1
20268,740431.0,551260.47,22.14,0
10348,740431.0,690409.31,17.86,0
50852,41494589.06,41389279.2,30.5,1
21225,5847147.17,5631752.06,29.06,0
20121,784104.8,991281.73,27.43,0
11065,16056664.94,16299045.66,27.98,0
22063,17123467.62,17329754.16,20.13,1
50389,29735770.83,29718939.669999998,16.26,2
20651,868313.5120768795,735954.44,26.8,1
50736,14299043.17,14086408.5,28.44,1
12081,740431.0,823357.58,32.04,1
31888,1015196.7243165442,1552511.9600000002,23.0,0
21166,6840911.63,7409701.109999999,22.27,2
31915,8947880.73,9165301.200000001,22.8,1
50596,7995880.68,8058929.67,27.35,1
21939,22902455.75,22894133.89,22.59,2
41170,740431.0,940692.31,23.74,2
31201,9534009.61,9350861.879999999,28.16,2
21023,462483.7224270876,968358.56,20.87,0
30839,37142173.4419599,68361690.13,30.96,2
20957,740431.0,628126.23,27.17,0
10481,740431.0,372795.1,14.71,1
30534,24644594.41,24767409.65,21.42,0
40841,450631.78752681584,790416.81,13.88,2
40993,24653175.01,24540878.41,23.02,0
51573,8916377.93,8730550.17,21.51,2
21513,740431.0,1016175.45,28.17,0
31670,740431.0,713710.21,19.59,1
51406,740431.0,586971.9299999999,25.94,0
30884,740431.0,1124817.59,26.84,1
21852,1858352.07,1726939.49,25.29,2
41003,740431.0,968154.41,29.7,1
12081,3263061.42,3032863.31,34.34,2
40663,740431.0,669441.75,24.56,2
51249,21912367.94,22012826.19,26.03,1
10276,26039612.67,26028045.28,19.6,1
50747,740431.0,789183.6,18.9,0
21655,740431.0,632664.03,29.17,0
10364,9453011.56,9133452.33,28.51,1
51365,32894678.79,33187794.07,18.85,1
20381,37665093.46,37569527.78,17.46,1
41867,740431.0,798233.49,20.76,1
21190,27310208.78,27450600.28,23.29,2
30815,4290858.7,4352610.34,21.95,1
20632,4708272.13,4566553.88,24.8,1
20196,16497600.07,16729553.06,28.59,1
30168,740431.0,843166.84,26.31,1
50818,29258831.44,29298586.17,26.68,2
50583,36313467.05,36348584.01,11.74,0
21643,37118001.15,37454453.62,15.93,0
31135,740431.0,594418.56,20.02,0
30578,740431.0,823482.17,20.84,0
40458,740431.0,634705.1,28.2,0
